Symbol,jjj,GOLD,US100Cash,US100Cash,US30Cash,GOLD,GOLD,GOLD,GOLD,GOLD,GOLD,GOLD,GOLD,GOLD,US100Cash,GOLD,GOLD,GOLD,GOLD,GOLD,US100Cash,US100-SEP26,US500Cash,GOLD,GOLD,GOLD
Type,BUY,SELL,BUY,BUY,BUY,BUY,SELL,BUY,BUY,BUY,SELL,BUY,BUY,SELL,SELL,SELL,SELL,SELL,SELL,SELL,SELL,SELL,BUY,BUY,SELL,SELL
Asset Type,Precious Metals,Precious Metals,Indices,Indices,Indices,Precious Metals,Precious Metals,Precious Metals,Precious Metals,Precious Metals,Precious Metals,Precious Metals,Precious Metals,Precious Metals,Indices,Precious Metals,Precious Metals,Precious Metals,Precious Metals,Precious Metals,Indices,Indices,Indices,Precious Metals,Precious Metals,Precious Metals
Volume,0.1,0.3,0.7,0.1,1,0.2,0.2,0.07,0.1,0.2,0.2,0.07,0.02,0.03,0.1,0.03,0.2,0.3,0.1,0.01,0.3,0.1,0.5,0.04,0.04,0.2
Open price,"4,058.57","4,115.17","28,943.16","28,896.04","52,264.10","4,059.15","4,145.69","4,119.34","4,012.70","4,075.68","4,043.25","4,150.05","4,022.49","4,076.94","28,446.68","4,075.50","4,051.74","4,071.13","4,010.62","4,013.94","28,437.01","28,743.50","7,488.05","4,096.74","4,067.39","4,053.84"
close price,"4,055.95","4,114.64","28,964.04","28,920.54","52,286.85","4,060.04","4,148.80","4,141.64","4,008.69","4,070.34","4,043.47","4,157.82","4,018.17","4,055.60","28,555.05","4,081.02","4,059.04","4,079.97","4,006.43","4,011.84","28,458.76","28,673.25","7,490.55","4,097.30","4,063.77","4,052.49"
open time,23/07 15:39,22/07 07:58,21/07 07:32,21/07 06:46,20/07 09:03,24/07 15:21,22/07 17:50,22/07 14:05,20/07 18:36,24/07 16:55,24/07 01:12,22/07 16:00,21/07 01:41,24/07 17:25,23/07 17:51,21/07 16:55,24/07 14:43,21/07 19:10,20/07 19:17,20/07 16:24,24/07 12:55,23/07 15:00,23/07 00:45,22/07 01:17,21/07 09:13,24/07 21:05
close time,23/07 15:44,22/07 08:01,21/07 07:43,21/07 07:00,20/07 10:17,24/07 15:39,22/07 17:57,22/07 14:31,20/07 18:43,24/07 17:30,24/07 01:16,22/07 16:14,21/07 02:00,24/07 20:35,23/07 21:11,21/07 19:24,24/07 14:48,21/07 19:24,20/07 20:09,20/07 17:25,24/07 12:58,23/07 15:35,23/07 00:50,22/07 01:26,21/07 09:23,24/07 21:15
Profit,-$26.20,$15.90,$14.62,$2.45,$22.75,$17.80,-$62.20,$156.10,-$40.10,-$106.80,-$4.40,$54.39,-$8.64,$64.02,-$10.84,-$16.56,-$146.00,-$265.20,$41.90,$2.10,-$6.53,$7.03,$1.25,$2.24,$14.48,$27.00
-,gold,us30cash,us100cash,us100cash,us30cash,gold,gold,gold,gold,gold,gold,gold,gold,gold,us100cash,gold,gold,gold,gold,gold,us500cash,gold,us500cash,gold,gold,gold
Symbol,GOLD,US30Cash,US100Cash,US100Cash,US30Cash,GOLD,GOLD,GOLD,GOLD,GOLD,GOLD,GOLD,GOLD,GOLD,US100Cash,GOLD,GOLD,GOLD,GOLD,GOLD,US500Cash,GOLD,US500Cash,GOLD,GOLD,GOLD
Type,SELL,SELL,BUY,BUY,BUY,BUY,BUY,BUY,BUY,BUY,BUY,BUY,BUY,BUY,SELL,BUY,SELL,SELL,SELL,SELL,SELL,SELL,BUY,BUY,SELL,BUY
Asset Type,Precious Metals,Indices,Indices,Indices,Indices,Precious Metals,Precious Metals,Precious Metals,Precious Metals,Precious Metals,Precious Metals,Precious Metals,Precious Metals,Precious Metals,Indices,Precious Metals,Precious Metals,Precious Metals,Precious Metals,Precious Metals,Indices,Precious Metals,Indices,Precious Metals,Precious Metals,Precious Metals
Volume,0.01,0.1,0.7,0.1,0.1,0.3,0.1,0.1,0.1,0.2,0.15,0.05,0.02,0.03,0.1,0.02,0.1,0.1,0.1,0.1,0.2,0.2,1,0.1,0.02,0.2
Open price,"4,045.91","52,151.38","28,943.29","28,894.29","52,261.1","4,053.68","4,156.32","4,118.39","4,016.49","4,064.22","4,047.10","4,153.28","4,019.28","4,072.39","28,370.18","4,067.63","4,049.57","4,078.06","4,009.58","4,013.69","7,426.56","4,054.88","7,484.8","4,082.11","4,000.34","4,094.10"
close price,"4,043.24","52,138.13","28,964.04","28,920.54","52,285.6","4,066.56","4,163.39","4,141.87","4,012.19","4,069.46","4,045.23","4,146.13","4,019.19","4,076.39","28,458.68","4,073.56","4,048.45","4,070.58","4,006.43","4,011.84","7,425.31","4,052.76","7,489.8","4,088.68","4,033.69","4,103.07"
open time,23/07 15:15,22/07 07:43,21/07 07:32,21/07 06:46,20/07 09:03,24/07 14:46,22/07 16:07,22/07 14:02,20/07 16:28,24/07 15:50,24/07 00:59,22/07 15:45,21/07 01:40,24/07 16:43,23/07 16:08,21/07 15:18,23/07 21:30,21/07 16:24,20/07 19:16,20/07 16:15,24/07 11:05,23/07 14:45,23/07 00:13,21/07 23:23,20/07 23:57,22/07 01:53
close time,23/07 15:19,22/07 07:45,21/07 07:43,21/07 07:00,20/07 10:17,24/07 14:59,22/07 16:49,22/07 14:31,20/07 16:35,24/07 16:10,24/07 01:07,22/07 15:49,21/07 02:00,24/07 17:05,23/07 17:18,21/07 16:48,23/07 21:52,21/07 17:47,20/07 20:09,20/07 17:25,24/07 11:08,23/07 14:48,23/07 00:47,22/07 01:07,21/07 02:19,22/07 02:00
Profit,$2.67,$1.33,$14.53,$2.63,$2.45,$386.40,$70.70,$234.80,-$43.00,$104.80,-$28.05,-$35.75,-$0.18,$12.00,-$8.85,$11.86,$11.20,$74.80,$31.50,$18.50,$0.25,$42.40,$5.00,$65.70,-$66.70,$179.40
-,gold,gold,us100cash,us100cash,gold,gold,gold,gold,gold,gold,gold,gold,gold,gold,gold,gold,gold,gold,gold,gold,gold,us100cash,us500cash,gold,gold,gold
Symbol,GOLD,GOLD,US100Cash,US100Cash,GOLD,GOLD,GOLD,GOLD,GOLD,GOLD,GOLD,GOLD,GOLD,GOLD,GOLD,GOLD,GOLD,GOLD,GOLD,GOLD,GOLD,US100Cash,US500Cash,GOLD,GOLD,GOLD
Type,BUY,BUY,BUY,BUY,BUY,BUY,BUY,SELL,SELL,BUY,SELL,BUY,BUY,BUY,SELL,BUY,SELL,SELL,SELL,SELL,BUY,SELL,BUY,BUY,SELL,BUY
Asset Type,Precious Metals,Precious Metals,Indices,Indices,Precious Metals,Precious Metals,Precious Metals,Precious Metals,Precious Metals,Precious Metals,Precious Metals,Precious Metals,Precious Metals,Precious Metals,Precious Metals,Precious Metals,Precious Metals,Precious Metals,Precious Metals,Precious Metals,Precious Metals,Indices,Indices,Precious Metals,Precious Metals,Precious Metals
Volume,0.1,0.3,0.7,0.1,0.2,0.2,0.1,0.1,0.1,0.07,0.08,0.04,0.01,0.03,0.02,0.02,0.1,0.1,0.01,0.1,0.06,1,0.4,0.1,0.13,0.2
Open price,"4,129.16","4,082.90","28,943.66","28,894.04","4,018.58","4,050.57","4,154.60","4,080.67","4,025.55","4,068.01","4,045.99","4,128.45","4,018.55","4,077.51","4,112.24","4,067.62","4,049.83","4,076.47","4,008.74","4,012.33","4,057.23","28,741.55","7,484.55","4,073.17","4,006.50","4,022.37"
close price,"4,122.08","4,128.22","28,964.04","28,920.54","4,022.82","4,051.60","4,154.82","4,085.21","4,022.26","4,057.62","4,051.76","4,138.75","4,018.17","4,073.96","4,054.62","4,064.65","4,048.45","4,070.58","4,006.43","4,011.84","4,053.82","28,718.80","7,486.30","4,082.68","4,000.78","4,039.42"
open time,22/07 23:31,21/07 23:48,21/07 07:32,21/07 06:46,20/07 08:57,24/07 14:35,22/07 16:06,21/07 19:47,20/07 12:51,24/07 14:59,23/07 14:58,22/07 03:41,21/07 01:38,24/07 16:15,23/07 08:08,21/07 15:18,23/07 21:30,21/07 16:23,20/07 19:15,20/07 16:15,24/07 09:58,23/07 12:38,23/07 00:12,21/07 17:50,20/07 23:14,20/07 12:28
close time,22/07 23:40,22/07 06:03,21/07 07:43,21/07 07:00,20/07 09:01,24/07 14:44,22/07 16:07,21/07 20:02,20/07 13:00,24/07 15:07,23/07 17:59,22/07 04:07,21/07 02:00,24/07 16:43,23/07 14:27,21/07 15:24,23/07 21:52,21/07 17:47,20/07 20:09,20/07 17:25,24/07 10:12,23/07 13:19,23/07 00:43,21/07 20:18,20/07 23:55,20/07 12:34
Profit,-$70.80,"$1,359.60",$14.27,$2.65,$84.80,$20.60,$2.20,-$45.40,$32.90,-$72.73,-$46.16,$41.20,-$0.38,-$10.65,$115.24,-$5.94,$13.80,$58.90,$2.31,$4.90,-$20.46,$22.75,$0.70,$95.10,$74.36,$341.00
-,gold,us30cash,us100cash,us100cash,gold,gold,gold,gold,gold,gold,gold,gold,gold,gold,eurusd,gold,gold,gold,gold,gold,us100cash,us100cash,gold,gold,gold,
Symbol,GOLD,US30Cash,US100Cash,US100Cash,GOLD,GOLD,GOLD,GOLD,GOLD,GOLD,GOLD,GOLD,GOLD,GOLD,EURUSD,GOLD,GOLD,GOLD,GOLD,GOLD,US100Cash,US100Cash,GOLD,GOLD,GOLD,
Type,SELL,BUY,BUY,BUY,SELL,BUY,SELL,SELL,SELL,BUY,BUY,BUY,BUY,SELL,SELL,SELL,SELL,SELL,SELL,SELL,BUY,SELL,BUY,BUY,SELL,
Asset Type,Precious Metals,Indices,Indices,Indices,Precious Metals,Precious Metals,Precious Metals,Precious Metals,Precious Metals,Precious Metals,Precious Metals,Precious Metals,Precious Metals,Precious Metals,Forex,Precious Metals,Precious Metals,Precious Metals,Precious Metals,Precious Metals,Indices,Indices,Precious Metals,Precious Metals,Precious Metals,
Volume,0.1,0.9,0.7,0.1,0.01,0.2,0.1,0.01,0.07,0.06,0.01,0.02,0.13,0.03,1,0.2,0.1,0.1,0.1,0.3,0.8,46054,0.02,0.1,0.01,
Open price,"4,134.25","52,150.62","28,942.41","28,894.29","4,003.74","4,048.66","4,146.69","4,081.83","4,027.86","4,049.70","4,129.50","4,125.74","4,007.21","4,059.96",1.14264,"4,062.37","4,050.85","4,059.72","4,009.26","4,012.63","28,532.13","28,868.68","4,157.52","4,072.84","4,007.28",
close price,"4,133.31","52,232.12","28,964.04","28,920.54","4,013.55","4,047.07","4,152.06","4,080.82","4,019.87","4,055.32","4,122.16","4,125.89","4,009.59","4,071.51",1.14073,"4,053.51","4,047.27","4,045.06","4,006.43","4,002.29","28,539.63","28,838.43","4,128.15","4,072.92","4,006.65",
open time,22/07 19:34,21/07 15:12,21/07 07:32,21/07 06:46,20/07 08:11,23/07 16:36,22/07 15:50,21/07 19:47,20/07 12:49,24/07 14:32,23/07 04:39,22/07 03:23,20/07 23:17,24/07 15:43,23/07 07:37,21/07 09:34,23/07 16:43,21/07 14:14,20/07 19:13,20/07 14:44,23/07 23:53,23/07 12:07,22/07 16:12,21/07 17:50,20/07 23:10,
close time,22/07 19:34,21/07 17:00,21/07 07:43,21/07 07:00,20/07 08:34,23/07 16:45,22/07 16:00,21/07 19:48,20/07 13:00,24/07 14:39,23/07 05:45,22/07 03:38,20/07 23:25,24/07 16:11,23/07 11:42,21/07 14:59,23/07 17:19,21/07 14:45,20/07 20:09,20/07 15:02,24/07 00:03,23/07 12:25,22/07 21:52,21/07 17:52,20/07 23:14,
Profit,$9.40,$73.35,$15.14,$2.63,-$9.81,-$31.80,-$53.70,$1.01,$55.93,$33.72,-$7.34,$0.30,$30.94,-$34.65,$191.00,$177.20,$35.80,$146.60,$28.30,$310.20,$6.00,$36.30,-$58.74,$0.80,$0.63,
-,gold,us30cash,us100cash,us100cash,,gold,gold,gold,gold,gold,gold,gold,gold,gold,gold,eurusd,gold,gold,gold,gold,us100cash,us500cash,us100cash,us100cash,gold,
Symbol,GOLD,US30Cash,US100Cash,US100Cash,GOLD,GOLD,GOLD,GOLD,GOLD,GOLD,GOLD,GOLD,GOLD,GOLD,GOLD,EURUSD,GOLD,GOLD,GOLD,GOLD,US100Cash,US500Cash,US100Cash,US100Cash,GOLD,
Type,SELL,BUY,BUY,BUY,SELL,BUY,SELL,BUY,SELL,BUY,BUY,BUY,BUY,SELL,SELL,SELL,SELL,SELL,SELL,BUY,BUY,SELL,BUY,SELL,SELL,
Asset Type,Precious Metals,Indices,Indices,Indices,Precious Metals,Precious Metals,Precious Metals,Precious Metals,Precious Metals,Precious Metals,Precious Metals,Precious Metals,Precious Metals,Precious Metals,Precious Metals,Forex,Precious Metals,Precious Metals,Precious Metals,Precious Metals,Indices,Indices,Indices,Indices,Precious Metals,
Volume,0.2,0.9,0.7,0.1,0.05,0.2,0.05,0.1,0.01,0.07,0.05,0.05,0.09,0.03,0.03,0.01,0.1,0.1,0.1,0.01,0.4,46266,0.6,0.2,0.01,
Open price,"4,143.58","52,147.62","28,942.91","28,894.54","4,009.08","4,049.14","4,148.44","4,071.30","4,027.16","4,043.87","4,129.96","4,125.33","4,011.28","4,057.11","4,147.64",1.14250,"4,047.79","4,027.52","4,015.50","4,008.67","28,588.8","7,475.42","29,092.88","28,925.29","4,007.45",
close price,"4,146.35","52,232.12","28,964.04","28,920.54","4,005.03","4,046.69","4,152.95","4,084.71","4,022.26","4,038.92","4,122.16","4,125.20","4,003.50","4,057.31","4,139.30",1.14094,"4,047.27","4,022.54","4,011.84","4,015.13","28,589.8","7,473.55","29,117.51","28,899.91","4,007.20",
open time,22/07 18:22,21/07 15:12,21/07 07:32,21/07 06:46,20/07 19:18,23/07 15:13,22/07 15:26,21/07 19:08,20/07 12:48,24/07 03:40,23/07 04:17,22/07 03:23,20/07 18:18,24/07 10:04,22/07 17:39,20/07 13:55,23/07 16:37,21/07 02:31,20/07 17:05,20/07 14:29,23/07 21:22,23/07 12:06,22/07 15:01,21/07 14:47,20/07 23:10,
close time,22/07 18:28,21/07 17:00,21/07 07:43,21/07 07:00,20/07 19:22,23/07 16:22,22/07 15:40,21/07 19:25,20/07 13:00,24/07 03:47,23/07 05:45,22/07 03:23,20/07 18:59,24/07 14:48,23/07 02:00,20/07 15:40,23/07 17:19,21/07 02:59,20/07 17:25,20/07 14:34,23/07 21:26,23/07 12:21,22/07 16:13,21/07 15:10,20/07 23:14,
Profit,-$55.40,$76.05,$14.79,$2.60,$20.25,-$49.00,-$22.55,$134.10,$4.90,-$34.65,-$39.00,-$0.65,-$70.02,-$0.60,$25.02,$1.56,$5.20,$49.80,$36.60,$6.46,$0.40,$3.55,$14.78,$5.08,$0.25,
-,gold,us100cash,us100cash,us100cash,gold,gold,gold,gold,,gold,gold,gold,gold,gold,gold,eurusd,gold,gold,gold,gold,us100cash,us500cash,us100cash,us100cash,gold,
Symbol,GOLD,US100Cash,US100Cash,US100Cash,GOLD,GOLD,GOLD,GOLD,,GOLD,GOLD,GOLD,GOLD,GOLD,GOLD,EURUSD,GOLD,GOLD,GOLD,GOLD,US100Cash,US500Cash,US100Cash,US100Cash,GOLD,
Type,SELL,SELL,BUY,BUY,SELL,SELL,SELL,BUY,,BUY,BUY,BUY,SELL,SELL,BUY,SELL,SELL,SELL,SELL,BUY,BUY,SELL,BUY,SELL,SELL,
Asset Type,Precious Metals,Indices,Indices,Indices,Precious Metals,Precious Metals,Precious Metals,Precious Metals,,Precious Metals,Precious Metals,Precious Metals,Precious Metals,Precious Metals,Precious Metals,Forex,Precious Metals,Precious Metals,Precious Metals,Precious Metals,Indices,Indices,Indices,Indices,Precious Metals,
Volume,0.1,0.5,0.9,0.1,0.05,0.2,0.1,0.1,,0.05,0.05,0.08,0.13,0.03,0.03,0.5,0.05,0.01,0.01,0.1,46023,46024,0.3,0.3,0.07,
Open price,"4,144.01","28,952.04","28,920.16","28,894.16","4,009.22","4,064.07","4,149.83","4,073.41",,"4,043.01","4,129.19","4,107.66","4,010.88","4,048.68","4,126.19",1.14259,"4,062.24","4,026.90","4,015.27","4,010.45","28,409.93","7,474.05","29,096.51","28,937.91","4,010.84",
close price,"4,143.41","28,942.04","28,935.41","28,920.54","4,004.71","4,047.96","4,153.10","4,071.16",,"4,043.94","4,122.16","4,120.67","4,001.06","4,058.53","4,154.18",1.14084,"4,050.40","4,022.54","4,011.84","4,015.13","28,508.30","7,480.30","29,109.63","29,066.79","4,009.08",
open time,22/07 18:11,21/07 13:32,21/07 07:01,21/07 06:46,20/07 19:11,23/07 14:34,22/07 15:18,21/07 17:52,,24/07 03:05,23/07 04:16,22/07 02:01,20/07 14:36,24/07 09:27,22/07 14:16,20/07 13:55,23/07 13:59,21/07 02:31,20/07 16:25,20/07 14:27,23/07 20:56,23/07 10:34,22/07 15:01,21/07 14:46,20/07 18:02,
close time,22/07 18:20,21/07 13:36,21/07 07:06,21/07 07:00,20/07 19:22,23/07 15:10,22/07 15:40,21/07 17:56,,24/07 03:21,23/07 05:45,22/07 02:39,20/07 15:09,24/07 09:59,22/07 14:59,20/07 15:41,23/07 14:06,21/07 02:59,20/07 17:25,20/07 14:34,23/07 21:02,23/07 11:30,22/07 16:06,21/07 15:45,20/07 20:47,
Profit,$6.00,$5.00,$13.73,$2.64,$22.55,$322.20,-$32.70,-$22.50,,$4.65,-$35.15,$104.08,$127.66,-$29.55,$83.97,$87.50,$59.20,$4.36,$3.43,$46.80,$108.21,-$13.13,$3.94,-$38.66,$12.32,
-,gold,us100cash,us100cash,gold,gold,gold,gold,gold,,gold,gold,gold,gold,gold,gold,,gold,gold,gold,gold,gold,gold,gold,gold,us100cash,
Symbol,GOLD,US100Cash,US100Cash,GOLD,GOLD,GOLD,GOLD,GOLD,,GOLD,GOLD,GOLD,GOLD,GOLD,GOLD,,GOLD,GOLD,GOLD,GOLD,GOLD,GOLD,GOLD,GOLD,US100Cash,
Type,SELL,SELL,BUY,SELL,SELL,SELL,SELL,BUY,,SELL,BUY,BUY,SELL,SELL,SELL,,SELL,SELL,SELL,SELL,SELL,SELL,BUY,SELL,BUY,
Asset Type,Precious Metals,Indices,Indices,Precious Metals,Precious Metals,Precious Metals,Precious Metals,Precious Metals,,Precious Metals,Precious Metals,Precious Metals,Precious Metals,Precious Metals,Precious Metals,,Precious Metals,Precious Metals,Precious Metals,Precious Metals,Precious Metals,Precious Metals,Precious Metals,Precious Metals,Indices,
Volume,0.3,0.5,0.9,0.1,0.05,0.1,0.01,0.1,,0.15,0.05,0.12,0.03,0.01,0.03,,0.01,0.1,0.01,0.1,0.05,0.18,0.07,0.06,0.1,
Open price,"4,148.73","28,968.29","28,919.79","4,009.94","4,011.07","4,137.68","4,152.40","4,076.99",,"4,048.47","4,138.87","4,071.73","4,008.81","4,047.99","4,117.09",,"4,163.43","4,028.51","4,014.56","4,030.91","4,044.76","4,092.01","4,124.78","4,054.61","28,840.31",
close price,"4,147.20","28,956.66","28,935.41","4,015.90","4,004.70","4,131.07","4,151.89","4,070.95",,"4,045.71","4,137.53","4,080.90","4,010.10","4,058.53","4,124.42",,"4,150.00","4,031.58","4,011.84","4,007.42","4,043.01","4,091.08","4,151.13","4,045.65","28,877.43",
open time,22/07 15:20,21/07 13:19,21/07 07:01,20/07 14:28,20/07 18:07,22/07 19:12,22/07 15:16,21/07 16:52,,24/07 02:49,23/07 02:22,21/07 16:13,20/07 14:29,24/07 09:26,22/07 14:00,,22/07 16:54,21/07 02:06,20/07 16:24,20/07 12:38,23/07 18:40,23/07 10:26,22/07 14:11,21/07 13:37,20/07 16:31,
close time,22/07 15:26,21/07 13:23,21/07 07:06,20/07 14:41,20/07 19:22,22/07 20:54,22/07 15:32,21/07 17:45,,24/07 02:55,23/07 02:24,21/07 16:32,20/07 14:30,24/07 09:59,22/07 14:13,,22/07 17:26,21/07 02:16,20/07 17:25,20/07 13:25,23/07 18:45,23/07 10:26,22/07 14:58,21/07 14:45,20/07 17:00,
Profit,$45.90,$5.82,$14.06,-$59.60,$31.85,$66.10,$0.51,-$60.40,,$41.40,-$6.70,$110.04,-$3.87,-$10.54,-$21.99,,$13.43,-$30.70,$2.72,$234.90,$8.75,$16.74,$184.45,$53.76,$3.71,
-,gold,us30cash,us100cash,gold,,gold,gold,gold,,gold,gold,gold,us500,eurusd,gold,,gold,gold,gold,gold,gold,gold,gold,gold,gold,
Symbol,GOLD,US30Cash,US100Cash,GOLD,BTCUSD,GOLD,GOLD,GOLD,,GOLD,GOLD,GOLD,US500-SEP26,EURUSD,GOLD,,GOLD,GOLD,GOLD,GOLD,GOLD,GOLD,GOLD,GOLD,GOLD,
Type,BUY,SELL,BUY,SELL,BUY,SELL,BUY,SELL,,BUY,SELL,BUY,BUY,SELL,BUY,,SELL,SELL,SELL,SELL,SELL,SELL,BUY,SELL,SELL,
Asset Type,Precious Metals,Indices,Indices,Precious Metals,Crypto,Precious Metals,Precious Metals,Precious Metals,,Precious Metals,Precious Metals,Precious Metals,Indices,Forex,Precious Metals,,Precious Metals,Precious Metals,Precious Metals,Precious Metals,Precious Metals,Precious Metals,Precious Metals,Precious Metals,Precious Metals,
Volume,0.3,0.9,0.9,0.01,0.2,0.1,0.08,0.08,,0.1,0.08,0.1,15,1,0.03,,0.1,0.1,0.01,0.1,0.08,0.12,0.07,0.08,0.05,
Open price,"4,129.05","51,986.37","28,921.54","4,010.37","64,231.85","4,138.89","4,157.28","4,077.94",,"4,044.57","4,137.10","4,042.13","7,528.15",1.13914,"4,125.29",,"4,083.58","4,025.77","4,014.52","4,031.48","4,046.83","4,091.86","4,125.30","4,057.86","4,010.48",
close price,"4,129.83","51,976.87","28,935.41","4,015.62","64,127.85","4,131.07","4,152.18","4,077.95",,"4,049.65","4,129.42","4,051.26","7,528.97",1.13710,"4,107.98",,"4,086.31","4,031.58","4,011.84","4,007.79","4,045.52","4,090.93","4,126.21","4,057.18","4,003.92",
open time,22/07 13:23,21/07 13:16,21/07 07:00,20/07 14:27,24/07 22:04,22/07 19:12,22/07 15:07,21/07 16:42,,24/07 02:05,22/07 19:04,21/07 04:25,20/07 14:01,24/07 08:38,22/07 13:07,,21/07 19:29,21/07 01:59,20/07 16:24,20/07 12:37,23/07 18:15,23/07 09:15,22/07 13:07,21/07 12:19,20/07 13:41,
close time,22/07 13:24,21/07 13:36,21/07 07:06,20/07 14:41,24/07 22:21,22/07 20:54,22/07 15:15,21/07 16:43,,24/07 02:44,22/07 20:54,21/07 05:06,20/07 14:04,24/07 13:45,22/07 13:56,,21/07 21:02,21/07 02:16,20/07 17:25,20/07 13:25,23/07 18:36,23/07 09:21,22/07 13:36,21/07 13:02,20/07 15:02,
Profit,$23.40,$8.55,$12.48,-$5.25,-$20.80,$78.20,-$40.80,-$0.08,,$50.80,$61.44,$91.30,$12.30,$204.00,-$51.93,,-$27.30,-$58.10,$2.68,$236.90,$10.48,$11.16,$6.37,$5.44,$32.80,
-,gold,us30cash,us100cash,btcusd,gold,gold,gold,gold,,gold,gold,gold,gold,us100cash,gold,,gold,gold,gold,,gold,us500cash,gold,gold,gold,
Symbol,GOLD,US30Cash,US100Cash,BTCUSD,GOLD,GOLD,GOLD,GOLD,,GOLD,GOLD,GOLD,GOLD,US100Cash,GOLD,,GOLD,GOLD,GOLD,,GOLD,US500Cash,GOLD,GOLD,GOLD,
Type,BUY,SELL,BUY,BUY,BUY,SELL,BUY,BUY,,SELL,SELL,BUY,BUY,SELL,SELL,,SELL,SELL,SELL,,SELL,BUY,BUY,SELL,SELL,
Asset Type,Precious Metals,Indices,Indices,Crypto,Precious Metals,Precious Metals,Precious Metals,Precious Metals,,Precious Metals,Precious Metals,Precious Metals,Precious Metals,Indices,Precious Metals,,Precious Metals,Precious Metals,Precious Metals,,Precious Metals,Indices,Precious Metals,Precious Metals,Precious Metals,
Volume,0.3,0.9,0.9,0.5,0.06,0.2,0.08,0.07,,0.1,0.08,0.13,0.13,0.2,0.02,,0.1,0.1,0.01,,0.09,46055,0.1,0.01,0.01,
Open price,"4,126.62","51,980.37","28,895.66","64,726.35","4,052.98","4,138.95","4,155.77","4,008.95",,"4,048.97","4,137.56","4,022.84","4,022.45","28,457.88","4,117.07",,"4,084.22","4,024.24","4,014.72",,"4,050.77","7,474.05","4,122.52","4,057.95","4,009.83",
close price,"4,127.10","51,976.87","28,920.54","64,550.85","4,052.37","4,141.72","4,156.09","4,008.15",,"4,040.50","4,129.42","4,034.95","4,029.35","28,506.63","4,122.37",,"4,086.31","4,031.58","4,011.84",,"4,049.00","7,477.80","4,113.17","4,057.06","4,009.16",
open time,22/07 13:15,21/07 13:16,21/07 06:46,20/07 13:47,24/07 21:56,22/07 18:41,22/07 15:07,20/07 20:24,,24/07 01:49,22/07 19:03,21/07 01:46,20/07 12:30,23/07 23:19,22/07 07:33,,21/07 19:29,21/07 01:56,20/07 16:24,,23/07 16:10,23/07 09:09,22/07 10:20,21/07 12:19,20/07 13:41,
close time,22/07 13:18,21/07 13:36,21/07 07:00,20/07 14:26,24/07 23:59,22/07 18:45,22/07 15:07,20/07 20:24,,24/07 02:04,22/07 20:54,21/07 03:36,20/07 12:30,23/07 23:39,22/07 12:18,,21/07 21:02,21/07 02:16,20/07 17:25,,23/07 16:28,23/07 09:19,22/07 10:53,21/07 12:21,20/07 13:58,
Profit,$14.40,$3.15,$22.39,-$87.75,-$3.66,-$55.40,$2.56,-$5.60,,$84.70,$65.12,$157.43,$89.70,-$9.75,-$10.60,,-$20.90,-$73.40,$2.88,,$15.93,$8.25,-$93.50,$0.89,$0.67,
-,gold,us30cash,us100cash,eurusd,gold,gold,gold,gold,,gold,gold,gold,gold,us100cash,gold,,gold,gold,gold,,us100cash,gold,gold,gold,us100cash,
Symbol,GOLD,US30Cash,US100Cash,EURUSD,GOLD,GOLD,GOLD,GOLD,,GOLD,GOLD,GOLD,GOLD,US100Cash,GOLD,,GOLD,GOLD,GOLD,,US100Cash,GOLD,GOLD,GOLD,US100Cash,
Type,SELL,BUY,BUY,SELL,BUY,SELL,BUY,SELL,,BUY,BUY,BUY,BUY,SELL,BUY,,SELL,SELL,SELL,,SELL,BUY,BUY,SELL,BUY,
Asset Type,Precious Metals,Indices,Indices,Forex,Precious Metals,Precious Metals,Precious Metals,Precious Metals,,Precious Metals,Precious Metals,Precious Metals,Precious Metals,Indices,Precious Metals,,Precious Metals,Precious Metals,Precious Metals,,Indices,Precious Metals,Precious Metals,Precious Metals,Indices,
Volume,0.3,0.9,0.9,0.3,0.1,0.01,0.08,0.12,,0.1,0.07,0.02,0.06,0.1,0.03,,0.1,0.1,0.01,,0.9,0.1,0.07,0.09,46023,
Open price,"4,112.10","52,017.62","28,894.79",1.14294,"4,054.20","4,141.86","4,156.18","4,007.08",,"4,049.71","4,154.41","4,022.40","4,022.92","28,459.43","4,083.12",,"4,073.17","4,023.72","4,014.53",,"28,406.68","4,130.28","4,119.03","4,061.39","28,882.68",
close price,"4,111.25","51,984.87","28,920.54",1.14337,"4,055.12","4,141.84","4,155.44","4,006.68",,"4,049.72","4,154.57","4,018.17","4,030.03","28,551.43","4,082.70",,"4,079.97","4,031.58","4,011.84",,"28,350.18","4,130.87","4,120.26","4,059.11","28,879.56",
open time,22/07 08:45,21/07 13:14,21/07 06:46,20/07 12:16,24/07 21:00,22/07 18:38,22/07 15:05,20/07 18:47,,24/07 01:39,22/07 16:03,21/07 01:41,20/07 11:23,23/07 17:52,21/07 19:25,,21/07 19:19,21/07 01:55,20/07 16:24,,23/07 15:54,23/07 00:50,22/07 09:31,21/07 10:42,20/07 12:31,
close time,22/07 08:46,21/07 13:15,21/07 07:00,20/07 12:26,24/07 21:02,22/07 18:45,22/07 15:05,20/07 19:00,,24/07 01:48,22/07 16:17,21/07 02:00,20/07 12:30,23/07 21:11,21/07 21:22,,21/07 19:24,21/07 02:16,20/07 17:25,,23/07 16:11,23/07 01:36,22/07 10:02,21/07 12:12,20/07 12:31,
Profit,$25.50,-$29.48,$23.18,-$12.90,$9.20,$0.02,-$5.92,$4.80,,$0.10,$1.12,-$8.46,$42.66,-$9.20,-$1.26,,-$68.00,-$78.60,$2.69,,$50.85,$5.90,$8.61,$20.52,-$3.43,
-,,,,,gold,,,,,,,,,,,,,,,,,,,,,
Symbol,GOLD,GOLD,GOLD,GOLD,GOLD,GOLD,GOLD,,,,,,,,,,,,,,,,,,,
Type,SELL,SELL,SELL,SELL,BUY,BUY,SELL,,,,,,,,,,,,,,,,,,,
Asset Type,Precious Metals,Precious Metals,Precious Metals,Precious Metals,Precious Metals,Precious Metals,Precious Metals,,,,,,,,,,,,,,,,,,,
Volume,0.03,0.02,0.05,0.01,0.1,0.06,0.1,,,,,,,,,,,,,,,,,,,
Open price,"4,053.84","4,045.45","4,138.28","4,058.16","4,053.47","4,026.4","4,050.06",,,,,,,,,,,,,,,,,,,
close price,"4,053.47","4,029.64","4,138.04","4,054.50","4,055.12","4,038.6","4,029.07",,,,,,,,,,,,,,,,,,,
open time,24/07 21:04,23/07 14:18,22/07 19:20,21/07 12:19,24/07 20:57,24/07 06:02,23/07 23:38,,,,,,,,,,,,,,,,,,,
close time,24/07 23:59,24/07 03:51,22/07 19:46,21/07 13:37,24/07 21:02,24/07 07:26,24/07 04:56,,,,,,,,,,,,,,,,,,,
Profit,$1.11,$31.62,$1.20,$3.66,$16.50,$73.20,$209.90,,,,,,,,,,,,,,,,,,,
-,gold,gold,gold,gold,gold,gold,gold,,,,,,,,,,,,,,,,,,,
Symbol,GOLD,GOLD,GOLD,GOLD,GOLD,GOLD,GOLD,,,,,,,,,,,,,,,,,,,
Type,SELL,SELL,SELL,BUY,SELL,BUY,BUY,,,,,,,,,,,,,,,,,,,
Asset Type,Precious Metals,Precious Metals,Precious Metals,Precious Metals,Precious Metals,Precious Metals,Precious Metals,,,,,,,,,,,,,,,,,,,
Volume,0.01,0.02,0.05,0.01,0.15,0.11,0.08,,,,,,,,,,,,,,,,,,,
Open price,"4,053.78","4,040.94","4,138.10","4,024.87","4,053.21","4,027.17","4,048.25",,,,,,,,,,,,,,,,,,,
close price,"4,053.47","4,035.71","4,138.02","4,047.43","4,053.14","4,038.06","4,049.22",,,,,,,,,,,,,,,,,,,
open time,24/07 21:04,23/07 14:14,22/07 19:20,21/07 01:58,24/07 20:00,24/07 06:01,23/07 19:48,,,,,,,,,,,,,,,,,,,
close time,24/07 23:59,24/07 03:48,22/07 19:46,21/07 04:26,24/07 20:10,24/07 07:26,23/07 23:18,,,,,,,,,,,,,,,,,,,
Profit,$0.31,$10.46,$0.40,$22.56,$1.05,$119.79,$7.76,,,,,,,,,,,,,,,,,,,
-,gold,gold,gold,gold,gold,gold,gold,,,,,,,,,,,,,,,,,,,
Symbol,GOLD,GOLD,GOLD,GOLD,GOLD,GOLD,GOLD,,,,,,,,,,,,,,,,,,,
Type,BUY,SELL,BUY,BUY,BUY,BUY,BUY,,,,,,,,,,,,,,,,,,,
Asset Type,Precious Metals,Precious Metals,Precious Metals,Precious Metals,Precious Metals,Precious Metals,Precious Metals,,,,,,,,,,,,,,,,,,,
Volume,0.05,0.04,0.01,0.01,0.1,0.09,0.15,,,,,,,,,,,,,,,,,,,
Open price,"4,059.83","4,115.89","4,115.14","4,024.66","4,055.32","4,026.98","4,046.63",,,,,,,,,,,,,,,,,,,
close price,"4,079.26","4,080.52","4,138.12","4,047.21","4,055.37","4,027.01","4,049.22",,,,,,,,,,,,,,,,,,,
open time,24/07 11:41,23/07 03:33,22/07 02:11,21/07 01:58,24/07 19:48,24/07 05:41,23/07 19:32,,,,,,,,,,,,,,,,,,,
close time,24/07 16:17,23/07 12:32,22/07 19:20,21/07 04:27,24/07 19:52,24/07 05:59,23/07 23:18,,,,,,,,,,,,,,,,,,,
Profit,$97.15,$141.48,$22.98,$22.55,$0.50,$0.27,$38.85,,,,,,,,,,,,,,,,,,,
-,gold,gold,gold,gold,gold,gold,,,,,,,,,,,,,,,,,,,,
Symbol,GOLD,GOLD,GOLD,GOLD,GOLD,GOLD,,,,,,,,,,,,,,,,,,,,
Type,BUY,SELL,SELL,BUY,BUY,BUY,,,,,,,,,,,,,,,,,,,,
Asset Type,Precious Metals,Precious Metals,Precious Metals,Precious Metals,Precious Metals,Precious Metals,,,,,,,,,,,,,,,,,,,,
Volume,0.05,0.05,0.01,0.01,0.1,0.09,,,,,,,,,,,,,,,,,,,,
Open price,"4,061.47","4,126.03","4,097.22","4,021.69","4,053.00","4,026.98",,,,,,,,,,,,,,,,,,,,
close price,"4,079.71","4,114.40","4,104.19","4,023.92","4,055.09","4,027.01",,,,,,,,,,,,,,,,,,,,
open time,24/07 11:36,22/07 23:34,22/07 01:21,21/07 01:44,24/07 19:42,24/07 05:41,,,,,,,,,,,,,,,,,,,,
close time,24/07 16:17,23/07 03:04,22/07 02:00,21/07 01:56,24/07 19:52,24/07 05:59,,,,,,,,,,,,,,,,,,,,
Profit,$91.20,$58.15,-$6.97,$2.23,$20.90,$0.27,,,,,,,,,,,,,,,,,,,,
-,gold,gold,gold,gold,gold,gold,,,,,,,,,,,,,,,,,,,,
Symbol,GOLD,GOLD,GOLD,GOLD,GOLD,GOLD,,,,,,,,,,,,,,,,,,,,
Type,SELL,SELL,SELL,BUY,BUY,BUY,,,,,,,,,,,,,,,,,,,,
Asset Type,Precious Metals,Precious Metals,Precious Metals,Precious Metals,Precious Metals,Precious Metals,,,,,,,,,,,,,,,,,,,,
Volume,0.05,0.05,0.01,0.01,0.1,0.09,,,,,,,,,,,,,,,,,,,,
Open price,"4,032.02","4,125.85","4,083.96","4,020.33","4,054.49","4,026.98",,,,,,,,,,,,,,,,,,,,
close price,"4,034.00","4,114.32","4,089.25","4,047.54","4,055.37","4,027.01",,,,,,,,,,,,,,,,,,,,
open time,24/07 04:30,22/07 23:34,21/07 21:06,21/07 01:41,24/07 19:41,24/07 05:41,,,,,,,,,,,,,,,,,,,,
close time,24/07 07:19,23/07 03:03,22/07 01:07,21/07 04:26,24/07 19:52,24/07 05:59,,,,,,,,,,,,,,,,,,,,
Profit,-$9.90,$57.65,-$5.29,$27.21,$8.80,$0.27,,,,,,,,,,,,,,,,,,,,
-,gold,gold,gold,gold,gold,gold,,,,,,,,,,,,,,,,,,,,
Symbol,GOLD,GOLD,GOLD,GOLD,GOLD,GOLD,,,,,,,,,,,,,,,,,,,,
Type,SELL,SELL,SELL,BUY,SELL,SELL,,,,,,,,,,,,,,,,,,,,
Asset Type,Precious Metals,Precious Metals,Precious Metals,Precious Metals,Precious Metals,Precious Metals,,,,,,,,,,,,,,,,,,,,
Volume,0.05,0.05,0.01,0.01,0.05,0.09,,,,,,,,,,,,,,,,,,,,
Open price,"4,030.58","4,136.03","4,084.30","4,020.30","4,064.07","4,027.14",,,,,,,,,,,,,,,,,,,,
close price,"4,034.00","4,130.40","4,089.25","4,022.27","4,062.25","4,026.96",,,,,,,,,,,,,,,,,,,,
open time,24/07 04:24,22/07 21:19,21/07 21:05,21/07 01:36,24/07 15:50,24/07 05:38,,,,,,,,,,,,,,,,,,,,
close time,24/07 07:19,22/07 21:45,22/07 01:07,21/07 01:42,24/07 15:55,24/07 05:41,,,,,,,,,,,,,,,,,,,,
Profit,-$17.10,$28.15,-$4.95,$1.97,$9.10,$1.62,,,,,,,,,,,,,,,,,,,,
-,gold,gold,gold,gold,gold,gold,,,,,,,,,,,,,,,,,,,,
Symbol,GOLD,GOLD,GOLD,GOLD,GOLD,GOLD,,,,,,,,,,,,,,,,,,,,
Type,BUY,SELL,SELL,BUY,SELL,SELL,,,,,,,,,,,,,,,,,,,,
Asset Type,Precious Metals,Precious Metals,Precious Metals,Precious Metals,Precious Metals,Precious Metals,,,,,,,,,,,,,,,,,,,,
Volume,0.05,0.05,0.01,0.01,0.05,0.22,,,,,,,,,,,,,,,,,,,,
Open price,"4,032.17","4,136.06","4,084.24","4,022.22","4,061.05","4,029.62",,,,,,,,,,,,,,,,,,,,
close price,"4,029.64","4,130.22","4,089.25","4,024.07","4,062.25","4,026.96",,,,,,,,,,,,,,,,,,,,
open time,24/07 04:15,22/07 21:19,21/07 21:05,21/07 01:36,24/07 15:48,24/07 05:29,,,,,,,,,,,,,,,,,,,,
close time,24/07 04:24,22/07 21:45,22/07 01:07,21/07 01:56,24/07 15:55,24/07 05:41,,,,,,,,,,,,,,,,,,,,
Profit,-$12.65,$29.20,-$5.01,$1.85,-$6.00,$58.52,,,,,,,,,,,,,,,,,,,,
-,gold,gold,gold,gold,,gold,,,,,,,,,,,,,,,,,,,,
Symbol,GOLD,GOLD,GOLD,GOLD,,GOLD,,,,,,,,,,,,,,,,,,,,
Type,SELL,SELL,SELL,SELL,,BUY,,,,,,,,,,,,,,,,,,,,
Asset Type,Precious Metals,Precious Metals,Precious Metals,Precious Metals,,Precious Metals,,,,,,,,,,,,,,,,,,,,
Volume,0.04,0.05,0.01,0.05,,0.13,,,,,,,,,,,,,,,,,,,,
Open price,"4,026.00","4,136.09","4,064.91","4,008.68",,"4,029.76",,,,,,,,,,,,,,,,,,,,
close price,"4,032.51","4,136.01","4,087.50","4,004.98",,"4,029.60",,,,,,,,,,,,,,,,,,,,
open time,24/07 04:11,22/07 20:08,21/07 15:13,20/07 23:25,,24/07 04:59,,,,,,,,,,,,,,,,,,,,
close time,24/07 04:14,22/07 21:18,21/07 19:27,20/07 23:41,,24/07 05:29,,,,,,,,,,,,,,,,,,,,
Profit,-$26.04,$0.40,-$22.59,$18.50,,-$2.08,,,,,,,,,,,,,,,,,,,,
-,gold,gold,gold,gold,,gold,,,,,,,,,,,,,,,,,,,,
Symbol,GOLD,GOLD,GOLD,GOLD,,GOLD,,,,,,,,,,,,,,,,,,,,
Type,SELL,SELL,SELL,SELL,,BUY,,,,,,,,,,,,,,,,,,,,
Asset Type,Precious Metals,Precious Metals,Precious Metals,Precious Metals,,Precious Metals,,,,,,,,,,,,,,,,,,,,
Volume,0.05,0.05,0.01,0.1,,0.13,,,,,,,,,,,,,,,,,,,,
Open price,"4,024.92","4,136.34","4,063.86","4,009.5",,"4,029.12",,,,,,,,,,,,,,,,,,,,
close price,"4,026.97","4,136.01","4,086.49","4,006.2",,"4,029.60",,,,,,,,,,,,,,,,,,,,
open time,24/07 03:56,22/07 20:06,21/07 15:12,20/07 20:21,,24/07 04:56,,,,,,,,,,,,,,,,,,,,
close time,24/07 04:09,22/07 21:18,21/07 19:25,20/07 20:45,,24/07 05:29,,,,,,,,,,,,,,,,,,,,
Profit,-$10.25,$1.65,-$22.63,$33.00,,$6.24,,,,,,,,,,,,,,,,,,,,
-,gold,gold,gold,gold,,gold,,,,,,,,,,,,,,,,,,,,
Symbol,GOLD,GOLD,GOLD,GOLD,,GOLD,,,,,,,,,,,,,,,,,,,,
Type,SELL,SELL,SELL,SELL,,SELL,,,,,,,,,,,,,,,,,,,,
Asset Type,Precious Metals,Precious Metals,Precious Metals,Precious Metals,,Precious Metals,,,,,,,,,,,,,,,,,,,,
Volume,0.02,0.05,0.1,0.1,,0.13,,,,,,,,,,,,,,,,,,,,
Open price,"4,051.13","4,137.59","4,057.66","4,005.75",,"4,030.58",,,,,,,,,,,,,,,,,,,,
close price,"4,029.87","4,137.00","4,054.49","4,020.04",,"4,029.07",,,,,,,,,,,,,,,,,,,,
open time,23/07 14:20,22/07 19:46,21/07 12:23,20/07 19:39,,24/07 04:53,,,,,,,,,,,,,,,,,,,,
close time,24/07 03:51,22/07 20:05,21/07 13:37,21/07 01:36,,24/07 04:56,,,,,,,,,,,,,,,,,,,,
Profit,$42.52,$2.95,$31.7,-$142.90,,$19.63,,,,,,,,,,,,,,,,,,,,